,ID,Model,ModelParameters,TransformationParameters,Ensemble,Runs,smape,mae,rmse,containment,spl,contour,smape_weighted,mae_weighted,rmse_weighted,containment_weighted,contour_weighted,spl_weighted,TotalRuntimeSeconds,Score
0,01e440ab2a1f5d0560871ccbfdb94ee6,GLS,{},"{""fillna"": ""median"", ""transformations"": {""0"": ""ClipOutliers"", ""1"": ""QuantileTransformer"", ""2"": ""RobustScaler"", ""3"": ""Round"", ""4"": ""MaxAbsScaler""}, ""transformation_params"": {""0"": {""method"": ""clip"", ""std_threshold"": 3.5, ""fillna"": null}, ""1"": {""output_distribution"": ""uniform"", ""n_quantiles"": 1000}, ""2"": {}, ""3"": {""model"": ""middle"", ""decimals"": 2, ""on_transform"": true, ""on_inverse"": true}, ""4"": {}}}",0,1,29.0054586639364,1053.9129692825666,1054.2301694755827,0.0,58.430194224791265,0.0,29.0054586639364,1053.9129692825666,1054.2301694755827,0.0,0.0,58.430194224791265,1,380.48241197074196
1,02872c2262b22d1f354f7ec77dce2970,SeasonalNaive,"{""method"": ""LastValue"", ""lag_1"": 96, ""lag_2"": 4}","{""fillna"": ""mean"", ""transformations"": {""0"": ""ClipOutliers"", ""1"": ""QuantileTransformer"", ""2"": ""MinMaxScaler""}, ""transformation_params"": {""0"": {""method"": ""clip"", ""std_threshold"": 3, ""fillna"": null}, ""1"": {""output_distribution"": ""uniform"", ""n_quantiles"": 1000}, ""2"": {}}}",0,1,41.320947070181255,1424.7451851524995,1424.979840568192,0.0,72.82853645944115,0.0,41.320947070181255,1424.7451851524995,1424.979840568192,0.0,0.0,72.82853645944115,1,527.6654531923971
2,04741b5b817762a855f39733c71894e9,SeasonalNaive,"{""method"": ""LastValue"", ""lag_1"": 7, ""lag_2"": 2}","{""fillna"": ""mean"", ""transformations"": {""0"": ""QuantileTransformer"", ""1"": ""ClipOutliers""}, ""transformation_params"": {""0"": {""output_distribution"": ""uniform"", ""n_quantiles"": 1000}, ""1"": {""method"": ""clip"", ""std_threshold"": 2, ""fillna"": null}}}",0,1,1.3359452327606238,55.28841145834334,60.66094377186137,0.3333333333333333,18.5024172712698,0.5,1.3359452327606238,55.28841145834334,60.66094377186137,0.3333333333333333,0.5,18.5024172712698,1,32.15674377496563
3,05270f1dc63d2550a4268051a1490ea9,LastValueNaive,{},"{""fillna"": ""ffill_mean_biased"", ""transformations"": {""0"": ""ClipOutliers"", ""1"": ""RobustScaler""}, ""transformation_params"": {""0"": {""method"": ""clip"", ""std_threshold"": 2, ""fillna"": null}, ""1"": {}}}",0,1,70.2324783822206,2162.486584573689,2162.6411935112346,0.0,51.835746724267445,0.0,70.2324783822206,2162.486584573689,2162.6411935112346,0.0,0.0,51.835746724267445,1,815.7628389202528
4,0c2bc6c090d477fd0f49468524e383b5,AverageValueNaive,"{""method"": ""Median""}","{""fillna"": ""ffill"", ""transformations"": {""0"": ""ClipOutliers"", ""1"": ""SinTrend"", ""2"": ""Detrend""}, ""transformation_params"": {""0"": {""method"": ""clip"", ""std_threshold"": 3.5, ""fillna"": null}, ""1"": {}, ""2"": {""model"": ""Linear""}}}",0,1,54.1753406009328,1773.4748051344468,1773.660916375654,0.0,70.53468892698844,1.0,54.1753406009328,1773.4748051344468,1773.660916375654,0.0,1.0,70.53468892698844,1,663.380076976812
5,0ce3326b87ed77aff3ba10ab1ed7f067,GLS,{},"{""fillna"": ""fake_date"", ""transformations"": {""0"": ""ClipOutliers"", ""1"": ""PositiveShift"", ""2"": ""Detrend"", ""3"": ""PowerTransformer"", ""4"": ""Discretize""}, ""transformation_params"": {""0"": {""method"": ""clip"", ""std_threshold"": 3, ""fillna"": null}, ""1"": {}, ""2"": {""model"": ""Linear""}, ""3"": {}, ""4"": {""discretization"": ""center"", ""n_bins"": 5}}}",0,1,101.31656093784818,2797.7316914958988,2797.8507766199195,0.0,92.27651971602822,1.0,101.31656093784818,2797.7316914958988,2797.8507766199195,0.0,1.0,92.27651971602822,1,1170.7187286057222
6,0fd4cd88da9e4c21a9ada27f0cf64352,SeasonalNaive,"{""method"": ""Median"", ""lag_1"": 11, ""lag_2"": 7}","{""fillna"": ""rolling_mean"", ""transformations"": {""0"": ""RollingMeanTransformer"", ""1"": ""DifferencedTransformer"", ""2"": ""Detrend""}, ""transformation_params"": {""0"": {""fixed"": true, ""window"": 3}, ""1"": {}, ""2"": {""model"": ""Linear""}}}",0,1,0.7700153231460566,31.98828656409417,36.44260986137887,0.3333333333333333,0.7599785860406558,1.0,0.7700153231460566,31.98828656409417,36.44260986137887,0.3333333333333333,1.0,0.7599785860406558,1,9.81697996231999
7,11080bc6c7def868006a7850bd8e5657,GLS,{},"{""fillna"": ""median"", ""transformations"": {""0"": ""ClipOutliers""}, ""transformation_params"": {""0"": {""method"": ""clip"", ""std_threshold"": 2, ""fillna"": null}}}",0,1,117.57344402853668,3080.4360378780825,3080.544197423595,0.0,102.18897364041425,1.0,117.57344402853668,3080.4360378780825,3080.544197423595,0.0,1.0,102.18897364041425,1,1343.0867068147174
8,16d5d5e7a67589923c0e61ff02e0cd24,ZeroesNaive,{},"{""fillna"": ""rolling_mean"", ""transformations"": {""0"": ""PowerTransformer"", ""1"": ""PowerTransformer""}, ""transformation_params"": {""0"": {}, ""1"": {}}}",0,1,189.40663673758377,4047.0146579684915,4047.0972740005086,0.0,174.50339330866353,0.0,189.40663673758377,4047.0146579684915,4047.0972740005086,0.0,0.0,174.50339330866353,1,2111.0183954058925
9,179f8306780fd41de195a898e2ef3b6f,AverageValueNaive,"{""method"": ""Mean""}","{""fillna"": ""rolling_mean"", ""transformations"": {""0"": ""DifferencedTransformer"", ""1"": ""RobustScaler"", ""2"": ""PowerTransformer""}, ""transformation_params"": {""0"": {}, ""1"": {}, ""2"": {}}}",0,3,0.5845504607721498,24.13310315798016,25.87088040438512,0.1111111111111111,0.7351190269568297,0.8333333333333334,0.5845504607721498,24.13310315798016,25.87088040438512,0.1111111111111111,0.8333333333333334,0.7351190269568297,1,7.527769487434178
10,18d81934a9c36570cbd72c3af676b09f,AverageValueNaive,"{""method"": ""Mode""}","{""fillna"": ""ffill_mean_biased"", ""transformations"": {""0"": ""ClipOutliers"", ""1"": ""StandardScaler""}, ""transformation_params"": {""0"": {""method"": ""clip"", ""std_threshold"": 2, ""fillna"": null}, ""1"": {}}}",0,1,70.2324783822206,2162.486584573689,2162.6411935112346,0.0,41.48359616664873,0.0,70.2324783822206,2162.486584573689,2162.6411935112346,0.0,0.0,41.48359616664873,1,806.5955189829699
11,1af0caa685c51c2312d20a6ae16485ea,SeasonalNaive,"{""method"": ""LastValue"", ""lag_1"": 7, ""lag_2"": ""None""}","{""fillna"": ""fake_date"", ""transformations"": {""0"": ""RollingMeanTransformer"", ""1"": ""SeasonalDifference"", ""2"": ""Detrend"", ""3"": ""Slice""}, ""transformation_params"": {""0"": {""fixed"": true, ""window"": 3}, ""1"": {""lag_1"": 12, ""method"": ""Median""}, ""2"": {""model"": ""Linear""}, ""3"": {""method"": 100}}}",0,1,2.6000198729667257,106.79511112652683,106.906630764099,1.0,1.8395361753483788,1.0,2.6000198729667257,106.79511112652683,106.906630764099,1.0,1.0,1.8395361753483788,1,31.92609807387547
12,1de9a4b5a1fbaaddd1064b3bbcca4c32,SeasonalNaive,"{""method"": ""Mean"", ""lag_1"": 7, ""lag_2"": 364}","{""fillna"": ""rolling_mean"", ""transformations"": {""0"": ""MaxAbsScaler"", ""1"": ""QuantileTransformer"", ""2"": ""Detrend"", ""3"": ""StandardScaler""}, ""transformation_params"": {""0"": {}, ""1"": {""output_distribution"": ""uniform"", ""n_quantiles"": 100}, ""2"": {""model"": ""Linear""}, ""3"": {}}}",0,1,27.85487521353092,1017.2211513608618,1017.5993539058907,0.3333333333333333,12.830123910619418,0.5,27.85487521353092,1017.2211513608618,1017.5993539058907,0.3333333333333333,0.5,12.830123910619418,1,327.40644871182127
13,1f43a4b7593cc2a21b3440fde9ce9644,GLS,{},"{""fillna"": ""rolling_mean"", ""transformations"": {""0"": ""RollingMeanTransformer"", ""1"": ""DifferencedTransformer"", ""2"": ""Detrend"", ""3"": ""Slice"", ""4"": ""MaxAbsScaler""}, ""transformation_params"": {""0"": {""fixed"": true, ""window"": 3}, ""1"": {}, ""2"": {""model"": ""Linear""}, ""3"": {""method"": 100}, ""4"": {}}}",0,3,1.008446375246532,41.28658155336118,42.0091691572716,0.6666666666666666,0.6657417361636472,0.8333333333333334,1.008446375246532,41.28658155336118,42.0091691572716,0.6666666666666666,0.8333333333333334,0.6657417361636472,1,12.354156875504907
14,21f9f78e01d6846e1c16e5b4f8063128,SeasonalNaive,"{""method"": ""Mean"", ""lag_1"": 12, ""lag_2"": ""None""}","{""fillna"": ""mean"", ""transformations"": {""0"": ""ClipOutliers"", ""1"": ""PositiveShift"", ""2"": ""Detrend"", ""3"": ""PowerTransformer"", ""4"": ""Discretize""}, ""transformation_params"": {""0"": {""method"": ""clip"", ""std_threshold"": 2, ""fillna"": null}, ""1"": {}, ""2"": {""model"": ""Linear""}, ""3"": {}, ""4"": {""discretization"": ""lower"", ""n_bins"": 20}}}",0,1,104.7592697054843,2860.1209173919565,2860.248937566309,0.0,100.58237071485016,0.0,104.7592697054843,2860.1209173919565,2860.248937566309,0.0,0.0,100.58237071485016,1,1212.8867476754365
15,26edf55d2c23ab49d4e72b6ac4d2e223,LastValueNaive,{},"{""fillna"": ""mean"", ""transformations"": {""0"": ""PositiveShift"", ""1"": ""SeasonalDifference"", ""2"": ""Round""}, ""transformation_params"": {""0"": {}, ""1"": {""lag_1"": 12, ""method"": ""Median""}, ""2"": {""model"": ""middle"", ""decimals"": 0, ""on_transform"": true, ""on_inverse"": true}}}",0,1,0.7269228442857579,30.204994201660156,32.29333221698615,1.0,4.915570740031286,0.0,0.7269228442857579,30.204994201660156,32.29333221698615,1.0,0.0,4.915570740031286,1,12.91525483241189
16,2887d2af24ace64615ccf0154ef2e4be,AverageValueNaive,"{""method"": ""Mean""}","{""fillna"": ""fake_date"", ""transformations"": {""0"": ""DifferencedTransformer"", ""1"": ""SinTrend""}, ""transformation_params"": {""0"": {}, ""1"": {}}}",0,3,0.5910779782262633,24.400989024822547,26.179122660980365,0.1111111111111111,0.7538086430347367,0.8333333333333334,0.5910779782262633,24.400989024822547,26.179122660980365,0.1111111111111111,0.8333333333333334,0.7538086430347367,1,7.621700969807552
17,2988e17ce23633eaf66b1337b07b3451,LastValueNaive,{},"{""fillna"": ""rolling_mean"", ""transformations"": {""0"": ""PowerTransformer"", ""1"": ""DifferencedTransformer"", ""2"": ""PowerTransformer"", ""3"": ""Slice""}, ""transformation_params"": {""0"": {}, ""1"": {}, ""2"": {}, ""3"": {""method"": 100}}}",0,3,2.2533552013871962,95.37970605805539,104.37828166485674,0.5555555555555555,3.4590434335574103,0.8333333333333334,2.2533552013871962,95.37970605805539,104.37828166485674,0.5555555555555555,0.8333333333333334,3.4590434335574103,1,29.806270917376754
18,2ae851216d7133d87d44b32e6636103d,LastValueNaive,{},"{""fillna"": ""fake_date"", ""transformations"": {""0"": ""SeasonalDifference"", ""1"": ""SinTrend""}, ""transformation_params"": {""0"": {""lag_1"": 7, ""method"": ""LastValue""}, ""1"": {}}}",0,1,2.01761127578942,83.17697725498299,87.12720599556282,1.0,5.583955785289255,0.5,2.01761127578942,83.17697725498299,87.12720599556282,1.0,0.5,5.583955785289255,1,28.604321529791928
19,2c4737b41ee67c6a5ae3460e5d4260da,GLS,{},"{""fillna"": ""rolling_mean"", ""transformations"": {""0"": ""RollingMean100thN"", ""1"": ""DifferencedTransformer"", ""2"": ""Detrend"", ""3"": ""Slice""}, ""transformation_params"": {""0"": {}, ""1"": {}, ""2"": {""model"": ""Linear""}, ""3"": {""method"": 100}}}",0,1,10.437878554506367,412.67849141781335,415.6547541958641,1.0,5.748254403834492,0.5,10.437878554506367,412.67849141781335,415.6547541958641,1.0,0.5,5.748254403834492,1,125.7266928983359
20,3199d41cc2a2130cbee482a6f7baa48b,GLS,{},"{""fillna"": ""rolling_mean"", ""transformations"": {""0"": ""RobustScaler"", ""1"": ""PowerTransformer"", ""2"": ""Discretize"", ""3"": ""QuantileTransformer"", ""4"": ""bkfilter""}, ""transformation_params"": {""0"": {}, ""1"": {}, ""2"": {""discretization"": ""lower"", ""n_bins"": 5}, ""3"": {""output_distribution"": ""uniform"", ""n_quantiles"": 1000}, ""4"": {}}}",0,1,144.30405265056987,3487.2386093378877,3487.3344866627526,0.0,98.10516512117808,0.0,144.30405265056987,3487.2386093378877,3487.3344866627526,0.0,0.0,98.10516512117808,1,1604.5635046745438
21,31beb9bd21129a1fe62121e5c6ad3e93,LastValueNaive,{},"{""fillna"": ""rolling_mean"", ""transformations"": {""0"": ""PowerTransformer"", ""1"": ""MinMaxScaler"", ""2"": ""PowerTransformer""}, ""transformation_params"": {""0"": {}, ""1"": {}, ""2"": {}}}",0,1,0.7190763590379078,29.880045572918487,31.850037628795558,1.0,398.40571163622093,0.0,0.7190763590379078,29.880045572918487,31.850037628795558,1.0,0.0,398.40571163622093,1,361.27388602456455
22,3364164715e3faf10010f841ed8a6b38,LastValueNaive,{},"{""fillna"": ""mean"", ""transformations"": {""0"": ""bkfilter"", ""1"": ""SinTrend"", ""2"": ""Detrend"", ""3"": ""PowerTransformer""}, ""transformation_params"": {""0"": {}, ""1"": {}, ""2"": {""model"": ""Linear""}, ""3"": {}}}",0,1,0.8197700763614572,34.04430635156738,40.65334426373347,1.0,1.6948244953865874,1.0,0.8197700763614572,34.04430635156738,40.65334426373347,1.0,1.0,1.6948244953865874,1,11.297060827116947
23,33ab3f8d52ad1f35fac870064316c285,ZeroesNaive,{},"{""fillna"": ""zero"", ""transformations"": {""0"": ""ClipOutliers"", ""1"": ""PowerTransformer""}, ""transformation_params"": {""0"": {""method"": ""clip"", ""std_threshold"": 5, ""fillna"": null}, ""1"": {}}}",0,1,188.97592769536791,4042.2829879402198,4042.365700675958,0.0,174.2993682319753,0.0,188.97592769536791,4042.2829879402198,4042.365700675958,0.0,0.0,174.2993682319753,1,2106.6885474138066
24,36ca223faaa43b7034902862aafc1026,GLS,{},"{""fillna"": ""rolling_mean"", ""transformations"": {""0"": ""RollingMeanTransformer"", ""1"": ""DifferencedTransformer"", ""2"": ""Detrend"", ""3"": ""Slice""}, ""transformation_params"": {""0"": {""fixed"": true, ""window"": 3}, ""1"": {}, ""2"": {""model"": ""Linear""}, ""3"": {""method"": 100}}}",0,3,1.008446375246532,41.28658155336118,42.0091691572716,0.6666666666666666,0.6657417361636472,0.8333333333333334,1.008446375246532,41.28658155336118,42.0091691572716,0.6666666666666666,0.8333333333333334,0.6657417361636472,1,12.354156875504907
25,3772e2a5db48a9955d630adb2c649e45,ZeroesNaive,{},"{""fillna"": ""ffill"", ""transformations"": {""0"": ""PowerTransformer"", ""1"": ""QuantileTransformer"", ""2"": ""SeasonalDifference""}, ""transformation_params"": {""0"": {}, ""1"": {""output_distribution"": ""uniform"", ""n_quantiles"": 1000}, ""2"": {""lag_1"": 7, ""method"": ""LastValue""}}}",0,1,2.0112319695440286,82.91682942709106,86.84948283062974,0.0,3.575294215683982,0.5,2.0112319695440286,82.91682942709106,86.84948283062974,0.0,0.5,3.575294215683982,1,26.750771130089113
26,3c83470cb76b135731edff552fa0bc75,GLS,{},"{""fillna"": ""rolling_mean"", ""transformations"": {""0"": ""QuantileTransformer"", ""1"": ""QuantileTransformer""}, ""transformation_params"": {""0"": {""output_distribution"": ""uniform"", ""n_quantiles"": 1000}, ""1"": {""output_distribution"": ""uniform"", ""n_quantiles"": 1000}}}",0,1,166.46683226199315,3779.5233683069832,3779.6114302450897,0.3333333333333333,18.83438592545187,1.0,166.46683226199315,3779.5233683069832,3779.6114302450897,0.3333333333333333,1.0,18.83438592545187,1,1751.140662079057
27,3f36a30931fa257de8c0295c3129ff0f,LastValueNaive,{},"{""fillna"": ""ffill_mean_biased"", ""transformations"": {""0"": ""ClipOutliers"", ""1"": ""DifferencedTransformer""}, ""transformation_params"": {""0"": {""method"": ""clip"", ""std_threshold"": 4, ""fillna"": null}, ""1"": {}}}",0,1,17.413870941782196,666.4973813941155,666.99884768696,0.0,28.27087365655179,0.0,17.413870941782196,666.4973813941155,666.99884768696,0.0,0.0,28.27087365655179,1,224.67380998533716
28,43ec0e145fcc6f3fbfd668b6d9e0d309,ZeroesNaive,{},"{""fillna"": ""rolling_mean"", ""transformations"": {""0"": ""ClipOutliers"", ""1"": ""DifferencedTransformer""}, ""transformation_params"": {""0"": {""method"": ""clip"", ""std_threshold"": 5, ""fillna"": null}, ""1"": {}}}",0,3,0.5969542448259296,24.642252604166668,26.476116986873226,0.0,1.0635600354225943,0.16666666666666666,0.5969542448259296,24.642252604166668,26.476116986873226,0.0,0.16666666666666666,1.0635600354225943,1,7.966313731470826
29,4682348d22b7fac16ae7596b70cd7f1a,LastValueNaive,{},"{""fillna"": ""fake_date"", ""transformations"": {""0"": ""ClipOutliers""}, ""transformation_params"": {""0"": {""method"": ""clip"", ""std_threshold"": 4, ""fillna"": null}}}",0,1,16.192202411413952,623.2466303965092,623.7828674395622,1.0,4.98373337109508,0.0,16.192202411413952,623.2466303965092,623.7828674395622,1.0,0.0,4.98373337109508,1,190.28385285095516
30,4a4d56bea8d6e6e91ee65a93bbeb657c,ZeroesNaive,{},"{""fillna"": ""rolling_mean_24"", ""transformations"": {""0"": ""bkfilter"", ""1"": ""PowerTransformer""}, ""transformation_params"": {""0"": {}, ""1"": {}}}",0,1,188.97189993664026,4042.2386904575,4042.3214040996404,0.0,174.29745816697613,0.0,188.97189993664026,4042.2386904575,4042.3214040996404,0.0,0.0,174.29745816697613,1,2106.6480518050025
31,4f5ce2f3fbb45d7a22729b30a820cddc,GLS,{},"{""fillna"": ""rolling_mean"", ""transformations"": {""0"": ""DifferencedTransformer"", ""1"": ""PowerTransformer""}, ""transformation_params"": {""0"": {}, ""1"": {}}}",0,3,0.5549785372516755,22.918438332632075,24.40424829208359,0.8888888888888888,0.371877919291084,0.8333333333333334,0.5549785372516755,22.918438332632075,24.40424829208359,0.8888888888888888,0.8333333333333334,0.371877919291084,1,6.853168767596753
32,51512fd04de9c0e05985e1e38dff1621,ZeroesNaive,{},"{""fillna"": ""mean"", ""transformations"": {""0"": ""ClipOutliers"", ""1"": ""PowerTransformer"", ""2"": ""MaxAbsScaler"", ""3"": ""QuantileTransformer"", ""4"": ""PositiveShift""}, ""transformation_params"": {""0"": {""method"": ""clip"", ""std_threshold"": 5, ""fillna"": null}, ""1"": {}, ""2"": {}, ""3"": {""output_distribution"": ""uniform"", ""n_quantiles"": 100}, ""4"": {}}}",0,1,199.5773723462164,4155.783430894216,4155.86388467012,0.0,179.19339855096877,0.0,199.5773723462164,4155.783430894216,4155.86388467012,0.0,0.0,179.19339855096877,1,2212.9511390001985
33,57c96f18b2ecb3f2f6de0cfee735805f,LastValueNaive,{},"{""fillna"": ""mean"", ""transformations"": {""0"": ""ClipOutliers"", ""1"": ""CumSumTransformer""}, ""transformation_params"": {""0"": {""method"": ""clip"", ""std_threshold"": 3.5, ""fillna"": null}, ""1"": {}}}",0,1,199.95461702940585,4039397.133295015,6991617.623595766,0.0,174461.42210026734,0.0,199.95461702940585,4039397.133295015,6991617.623595766,0.0,0.0,174461.42210026734,1,525401.7491565684
34,58367647601bd2099d53a426ed9870da,ZeroesNaive,{},"{""fillna"": ""ffill"", ""transformations"": {""0"": ""PowerTransformer"", ""1"": ""bkfilter"", ""2"": ""QuantileTransformer""}, ""transformation_params"": {""0"": {}, ""1"": {}, ""2"": {""output_distribution"": ""uniform"", ""n_quantiles"": 100}}}",0,1,199.5768152123616,4155.777624399264,4155.858078287577,0.0,179.19314818047152,0.0,199.5768152123616,4155.777624399264,4155.858078287577,0.0,0.0,179.19314818047152,1,2212.9455712763206
35,587d7084c2173483debdaa3d9042f225,AverageValueNaive,"{""method"": ""Mean""}","{""fillna"": ""median"", ""transformations"": {""0"": ""DifferencedTransformer"", ""1"": ""bkfilter""}, ""transformation_params"": {""0"": {}, ""1"": {}}}",0,3,0.5938488355455106,24.513888876284508,26.3330576314449,0.3333333333333333,0.5987734053564172,0.5,0.5938488355455106,24.513888876284508,26.3330576314449,0.3333333333333333,0.5,0.5987734053564172,1,7.517998038900818
36,5d5a128fa5789f31ecf9c8006849da5a,SeasonalNaive,"{""method"": ""LastValue"", ""lag_1"": 60, ""lag_2"": 364}","{""fillna"": ""rolling_mean"", ""transformations"": {""0"": ""DifferencedTransformer"", ""1"": ""PowerTransformer"", ""2"": ""Detrend"", ""3"": ""Slice""}, ""transformation_params"": {""0"": {}, ""1"": {}, ""2"": {""model"": ""Linear""}, ""3"": {""method"": 100}}}",0,3,0.7118786196785599,29.27875099516268,32.70647868444728,1.0,1.0405268111266894,0.5,0.7118786196785599,29.27875099516268,32.70647868444728,1.0,0.5,1.0405268111266894,1,9.33232885421539
37,602038d62becf795254c8ec1dd72edf3,SeasonalNaive,"{""method"": ""LastValue"", ""lag_1"": 7, ""lag_2"": 364}","{""fillna"": ""rolling_mean"", ""transformations"": {""0"": ""DifferencedTransformer"", ""1"": ""PowerTransformer"", ""2"": ""Slice""}, ""transformation_params"": {""0"": {}, ""1"": {}, ""2"": {""method"": 100}}}",0,1,0.9483243526393297,39.57161955514372,48.66797114923847,0.6666666666666666,1.1930857095922591,0.5,0.9483243526393297,39.57161955514372,48.66797114923847,0.6666666666666666,0.5,1.1930857095922591,1,12.449889913525437
38,62f4ec10b22cc6460f5bc71280f55a7e,GLS,{},"{""fillna"": ""fake_date"", ""transformations"": {""0"": ""RollingMeanTransformer"", ""1"": ""DifferencedTransformer"", ""2"": ""MinMaxScaler"", ""3"": ""RobustScaler"", ""4"": ""QuantileTransformer""}, ""transformation_params"": {""0"": {""fixed"": true, ""window"": 3}, ""1"": {}, ""2"": {}, ""3"": {}, ""4"": {""output_distribution"": ""uniform"", ""n_quantiles"": 1000}}}",0,1,0.7942909405255788,32.991762331367376,37.93704939625082,0.3333333333333333,2.350919661441978,0.0,0.7942909405255788,32.991762331367376,37.93704939625082,0.3333333333333333,0.0,2.350919661441978,1,11.525437637234315
39,643c27331246626586bab9b2b9047a8a,AverageValueNaive,"{""method"": ""Mode""}","{""fillna"": ""ffill"", ""transformations"": {""0"": ""ClipOutliers"", ""1"": ""SeasonalDifference"", ""2"": ""Detrend""}, ""transformation_params"": {""0"": {""method"": ""clip"", ""std_threshold"": 3, ""fillna"": null}, ""1"": {""lag_1"": 7, ""method"": ""LastValue""}, ""2"": {""model"": ""Linear""}}}",0,1,126.38419830927099,3221.885503670235,3221.9889049445756,0.0,120.27435576305531,1.0,126.38419830927099,3221.885503670235,3221.9889049445756,0.0,1.0,120.27435576305531,1,1446.9740159631158
40,644c0aa687f5375dbc4b490118579bea,AverageValueNaive,"{""method"": ""Mean""}","{""fillna"": ""mean"", ""transformations"": {""0"": ""ClipOutliers"", ""1"": ""QuantileTransformer"", ""2"": ""DifferencedTransformer""}, ""transformation_params"": {""0"": {""method"": ""clip"", ""std_threshold"": 3, ""fillna"": null}, ""1"": {""output_distribution"": ""uniform"", ""n_quantiles"": 1000}, ""2"": {}}}",0,1,41.320947070181255,1424.7451851524995,1424.979840568192,0.0,61.43364687838671,0.0,41.320947070181255,1424.7451851524995,1424.979840568192,0.0,0.0,61.43364687838671,1,517.5747384314282
41,6615b5b0932811b7078f2eeba55da0c7,ZeroesNaive,{},"{""fillna"": ""rolling_mean_24"", ""transformations"": {""0"": ""DifferencedTransformer"", ""1"": ""PositiveShift"", ""2"": ""Round""}, ""transformation_params"": {""0"": {}, ""1"": {}, ""2"": {""model"": ""middle"", ""decimals"": 0, ""on_transform"": true, ""on_inverse"": true}}}",0,1,17.783869308614975,670.3738606770834,730.8107389532001,0.0,28.905878372158604,0.0,17.783869308614975,670.3738606770834,730.8107389532001,0.0,0.0,28.905878372158604,1,230.78220328451286
42,66413797c7154f32e643da70d27134bd,AverageValueNaive,"{""method"": ""Median""}","{""fillna"": ""mean"", ""transformations"": {""0"": ""DifferencedTransformer"", ""1"": ""SinTrend"", ""2"": ""DifferencedTransformer""}, ""transformation_params"": {""0"": {}, ""1"": {}, ""2"": {}}}",0,1,195.80282448152548,4115.958085573133,4115.982395865012,0.0,175.0884772283632,1.0,195.80282448152548,4115.958085573133,4115.982395865012,0.0,1.0,175.0884772283632,1,2173.0626195867126
43,66416c1588f544a64e203dd49906952b,ZeroesNaive,{},"{""fillna"": ""mean"", ""transformations"": {""0"": ""RollingMeanTransformer"", ""1"": ""DifferencedTransformer""}, ""transformation_params"": {""0"": {""fixed"": true, ""window"": 3}, ""1"": {}}}",0,1,0.7899467813828855,32.81222873263899,37.668594345838386,0.0,1.4148318550295973,0.0,0.7899467813828855,32.81222873263899,37.668594345838386,0.0,0.0,1.4148318550295973,1,10.642840247310204
44,6649d8299b7a726285b5b7383d289ea8,GLS,{},"{""fillna"": ""ffill_mean_biased"", ""transformations"": {""0"": ""ClipOutliers"", ""1"": ""CumSumTransformer""}, ""transformation_params"": {""0"": {""method"": ""clip"", ""std_threshold"": 3, ""fillna"": null}, ""1"": {}}}",0,1,184.180262092486,1633014.9259507395,2823944.3060026234,0.3333333333333333,13610.564655651837,0.0,184.180262092486,1633014.9259507395,2823944.3060026234,0.3333333333333333,0.0,13610.564655651837,1,162834.33413402943
45,66974be67c5058e731bb0b02e8402d91,LastValueNaive,{},"{""fillna"": ""rolling_mean"", ""transformations"": {""0"": ""PowerTransformer"", ""1"": ""SinTrend"", ""2"": ""bkfilter"", ""3"": ""Slice""}, ""transformation_params"": {""0"": {}, ""1"": {}, ""2"": {}, ""3"": {""method"": 100}}}",0,1,0.8130706680649619,33.767648436566866,40.13989868962251,1.0,0.9944442009094008,1.0,0.8130706680649619,33.767648436566866,40.13989868962251,1.0,1.0,0.9944442009094008,1,10.590806130764857
46,66a0d0e416f0f7221a8b36b2a00e0982,SeasonalNaive,"{""method"": ""Mean"", ""lag_1"": 28, ""lag_2"": 364}","{""fillna"": ""rolling_mean"", ""transformations"": {""0"": ""bkfilter"", ""1"": ""DifferencedTransformer"", ""2"": ""PowerTransformer"", ""3"": ""SeasonalDifference"", ""4"": ""QuantileTransformer""}, ""transformation_params"": {""0"": {}, ""1"": {}, ""2"": {}, ""3"": {""lag_1"": 12, ""method"": ""Median""}, ""4"": {""output_distribution"": ""uniform"", ""n_quantiles"": 1000}}}",0,1,0.8253498415263874,34.27468522511784,41.00636033129891,1.0,0.39743868254009274,1.0,0.8253498415263874,34.27468522511784,41.00636033129891,1.0,1.0,0.39743868254009274,1,10.217335928003752
47,6da101169dca008ebd8ee427d0d79f49,GLS,{},"{""fillna"": ""ffill"", ""transformations"": {""0"": ""RollingMean100thN"", ""1"": ""MinMaxScaler"", ""2"": ""StandardScaler"", ""3"": ""StandardScaler"", ""4"": ""RobustScaler""}, ""transformation_params"": {""0"": {}, ""1"": {}, ""2"": {}, ""3"": {}, ""4"": {}}}",0,1,90.39730069904128,181390.14299249827,312720.9834081707,0.0,4966.955157776068,0.5,90.39730069904128,181390.14299249827,312720.9834081707,0.0,0.5,4966.955157776068,1,21737.29449354349
48,6f66c2e5c7f9fb828a9f6ff2b78fe6fc,SeasonalNaive,"{""method"": ""LastValue"", ""lag_1"": 2, ""lag_2"": 7}","{""fillna"": ""rolling_mean_24"", ""transformations"": {""0"": ""SinTrend"", ""1"": ""Round"", ""2"": ""PowerTransformer""}, ""transformation_params"": {""0"": {}, ""1"": {""model"": ""middle"", ""decimals"": 2, ""on_transform"": false, ""on_inverse"": true}, ""2"": {}}}",0,1,1.3054814247510602,54.03766190985849,59.49267613786599,1.0,4.165457519705285,0.5,1.3054814247510602,54.03766190985849,59.49267613786599,1.0,0.5,4.165457519705285,1,19.1085270869465
49,757b20a2a25d5f38330dbcfc8c852342,LastValueNaive,{},"{""fillna"": ""fake_date"", ""transformations"": {""0"": ""ClipOutliers"", ""1"": ""RollingMeanTransformer""}, ""transformation_params"": {""0"": {""method"": ""clip"", ""std_threshold"": 2, ""fillna"": null}, ""1"": {""fixed"": true, ""window"": 10}}}",0,1,69.27599622455884,2140.613676973126,2140.7698655985714,0.0,50.66762627904008,0.0,69.27599622455884,2140.613676973126,2140.7698655985714,0.0,0.0,50.66762627904008,1,804.7521405790487
50,7a14af550afa2194472cfc2e4e1440fb,LastValueNaive,{},"{""fillna"": ""mean"", ""transformations"": {""0"": ""ClipOutliers"", ""1"": ""QuantileTransformer""}, ""transformation_params"": {""0"": {""method"": ""clip"", ""std_threshold"": 1, ""fillna"": null}, ""1"": {""output_distribution"": ""uniform"", ""n_quantiles"": 1000}}}",0,1,107.77216782067323,2913.5688774173286,2913.683631910883,0.0,129.04225744359582,0.0,107.77216782067323,2913.5688774173286,2913.683631910883,0.0,0.0,129.04225744359582,1,1268.47788977761
51,7a8ea7a3101771a04003455a297a159c,ZeroesNaive,{},"{""fillna"": ""ffill_mean_biased"", ""transformations"": {""0"": ""ClipOutliers"", ""1"": ""RollingMean100thN"", ""2"": ""Detrend"", ""3"": ""PositiveShift"", ""4"": ""Discretize""}, ""transformation_params"": {""0"": {""method"": ""clip"", ""std_threshold"": 4, ""fillna"": null}, ""1"": {}, ""2"": {""model"": ""Linear""}, ""3"": {}, ""4"": {""discretization"": ""center"", ""n_bins"": 5}}}",0,1,90.42959020095729,194931.31088653798,336173.1757324646,0.0,8405.251299208843,0.5,90.42959020095729,194931.31088653798,336173.1757324646,0.0,0.5,8405.251299208843,1,26020.2557665979
52,81316106ec5a5d855ee27f9f62d45181,AverageValueNaive,"{""method"": ""Median""}","{""fillna"": ""ffill"", ""transformations"": {""0"": ""RobustScaler"", ""1"": ""CumSumTransformer"", ""2"": ""MaxAbsScaler"", ""3"": ""QuantileTransformer""}, ""transformation_params"": {""0"": {}, ""1"": {}, ""2"": {}, ""3"": {""output_distribution"": ""uniform"", ""n_quantiles"": 1000}}}",0,1,193.78654974330894,131045.29071076734,222292.85723245904,0.3333333333333333,7443.037036747948,0.5,193.78654974330894,131045.29071076734,222292.85723245904,0.3333333333333333,0.5,7443.037036747948,1,20139.752938678477
53,857936922949e765853d521cc73d96cf,SeasonalNaive,"{""method"": ""LastValue"", ""lag_1"": 2, ""lag_2"": 364}","{""fillna"": ""zero"", ""transformations"": {""0"": ""DifferencedTransformer"", ""1"": ""PowerTransformer"", ""2"": ""Round"", ""3"": ""PctChangeTransformer"", ""4"": ""MaxAbsScaler""}, ""transformation_params"": {""0"": {}, ""1"": {}, ""2"": {""model"": ""middle"", ""decimals"": -1, ""on_transform"": false, ""on_inverse"": true}, ""3"": {}, ""4"": {}}}",0,1,0.7092854859872161,29.474492873494455,31.30341448406687,0.6666666666666666,14577376.212180542,1.0,0.7092854859872161,29.474492873494455,31.30341448406687,0.6666666666666666,1.0,14577376.212180542,1,12908965.8478743
54,862ef3ceded3647acbae8d4f75fcd9f4,LastValueNaive,{},"{""fillna"": ""rolling_mean"", ""transformations"": {""0"": ""PositiveShift"", ""1"": ""DifferencedTransformer"", ""2"": ""QuantileTransformer"", ""3"": ""QuantileTransformer""}, ""transformation_params"": {""0"": {}, ""1"": {}, ""2"": {""output_distribution"": ""uniform"", ""n_quantiles"": 1000}, ""3"": {""output_distribution"": ""normal"", ""n_quantiles"": 1000}}}",0,3,2.1385754261823613,90.3148690682879,98.51701996876841,0.5555555555555555,1.675037485391172,0.8333333333333334,2.1385754261823613,90.3148690682879,98.51701996876841,0.5555555555555555,0.8333333333333334,1.675037485391172,1,26.839132729484138
55,86c084f0393ac076086128a38f8b724f,SeasonalNaive,"{""method"": ""LastValue"", ""lag_1"": 12, ""lag_2"": ""None""}","{""fillna"": ""ffill_mean_biased"", ""transformations"": {""0"": ""ClipOutliers""}, ""transformation_params"": {""0"": {""method"": ""clip"", ""std_threshold"": 3, ""fillna"": null}}}",0,1,40.96265440975798,1414.491982983902,1414.7283390588636,0.0,36.9082813810129,0.0,40.96265440975798,1414.491982983902,1414.7283390588636,0.0,0.0,36.9082813810129,1,491.98121636413896
56,882c624463f309a2fa00577c1bbce599,SeasonalNaive,"{""method"": ""Mean"", ""lag_1"": 7, ""lag_2"": 364}","{""fillna"": ""rolling_mean"", ""transformations"": {""0"": ""RollingMeanTransformer"", ""1"": ""Slice""}, ""transformation_params"": {""0"": {""fixed"": true, ""window"": 3}, ""1"": {""method"": 100}}}",0,1,11.146778112675063,439.31792373253546,439.85975297194204,0.0,11.21030713995693,1.0,11.146778112675063,439.31792373253546,439.85975297194204,0.0,1.0,11.21030713995693,1,138.5759243625278
57,8a228340fe7b8d73186c358dd1e0df88,AverageValueNaive,"{""method"": ""Median""}","{""fillna"": ""rolling_mean"", ""transformations"": {""0"": ""DifferencedTransformer"", ""1"": ""PowerTransformer""}, ""transformation_params"": {""0"": {}, ""1"": {}}}",0,3,0.596196216448315,24.611140780978733,26.438913328625222,0.1111111111111111,0.7522231884438675,0.8333333333333334,0.596196216448315,24.611140780978733,26.438913328625222,0.1111111111111111,0.8333333333333334,0.7522231884438675,1,7.681577148421698
58,8b80839d67b29773032d86b4cc19ded4,LastValueNaive,{},"{""fillna"": ""mean"", ""transformations"": {""0"": null}, ""transformation_params"": {""0"": {}}}",0,1,0.7190763590378638,29.880045572916668,31.850037628792375,1.0,4.918337372379236,0.0,0.7190763590378638,29.880045572916668,31.850037628792375,1.0,0.0,4.918337372379236,1,12.822167603291579
59,8cb208cc0b57679c2e4092d6e995e8c3,LastValueNaive,{},"{""fillna"": ""rolling_mean_24"", ""transformations"": {""0"": ""PositiveShift"", ""1"": ""SinTrend"", ""2"": ""bkfilter""}, ""transformation_params"": {""0"": {}, ""1"": {}, ""2"": {}}}",0,1,0.8177189783982687,33.95960666365045,40.4647122364634,1.0,1.5261069160930878,1.0,0.8177189783982687,33.95960666365045,40.4647122364634,1.0,1.0,1.5261069160930878,1,11.120266993035031
60,8dc48d8ee15b585a5d9b4bbeb3d41934,LastValueNaive,{},"{""fillna"": ""rolling_mean"", ""transformations"": {""0"": ""PowerTransformer"", ""1"": ""SinTrend"", ""2"": ""QuantileTransformer"", ""3"": ""QuantileTransformer"", ""4"": ""DifferencedTransformer""}, ""transformation_params"": {""0"": {}, ""1"": {}, ""2"": {""output_distribution"": ""uniform"", ""n_quantiles"": 1000}, ""3"": {""output_distribution"": ""normal"", ""n_quantiles"": 1000}, ""4"": {}}}",0,3,2.2169531370518984,94.08598798293588,107.84145834695308,0.6666666666666666,2.837227199907256,0.8333333333333334,2.2169531370518984,94.08598798293588,107.84145834695308,0.6666666666666666,0.8333333333333334,2.837227199907256,1,29.00329364596567
61,949c6268894129cadd60ce037626febe,SeasonalNaive,"{""method"": ""LastValue"", ""lag_1"": 11, ""lag_2"": 7}","{""fillna"": ""fake_date"", ""transformations"": {""0"": ""ClipOutliers"", ""1"": ""PctChangeTransformer""}, ""transformation_params"": {""0"": {""method"": ""clip"", ""std_threshold"": 3.5, ""fillna"": null}, ""1"": {}}}",0,1,27.39928205376368,1002.5883920406635,1002.9218251016391,0.0,38.86793874629016,0.0,27.39928205376368,1002.5883920406635,1002.9218251016391,0.0,0.0,38.86793874629016,1,345.4281210720656
62,96bbc07b7aca475643ae061b466fa655,LastValueNaive,{},"{""fillna"": ""mean"", ""transformations"": {""0"": ""CumSumTransformer"", ""1"": ""DifferencedTransformer"", ""2"": ""Round""}, ""transformation_params"": {""0"": {}, ""1"": {}, ""2"": {""model"": ""middle"", ""decimals"": 0, ""on_transform"": true, ""on_inverse"": true}}}",0,1,67.19762494113668,4072852.3779358417,7054345.744586538,0.6666666666666666,175620.34277796285,0.0,67.19762494113668,4072852.3779358417,7054345.744586538,0.6666666666666666,0.0,175620.34277796285,1,528464.6014553045
63,99113c662389de9e35b8fa2ad4453e68,AverageValueNaive,"{""method"": ""Mean""}","{""fillna"": ""ffill"", ""transformations"": {""0"": ""ClipOutliers"", ""1"": ""PowerTransformer"", ""2"": ""Detrend""}, ""transformation_params"": {""0"": {""method"": ""clip"", ""std_threshold"": 3.5, ""fillna"": null}, ""1"": {}, ""2"": {""model"": ""Linear""}}}",0,1,23.728382298307604,882.5193251663062,882.8819394848931,1.0,13.189195581023235,1.0,23.728382298307604,882.5193251663062,882.8819394848931,1.0,1.0,13.189195581023235,1,281.97854821840673
64,9be381435460cde53a7cf03de9f119f3,AverageValueNaive,"{""method"": ""Mode""}","{""fillna"": ""fake_date"", ""transformations"": {""0"": ""SeasonalDifference"", ""1"": ""SinTrend""}, ""transformation_params"": {""0"": {""lag_1"": 12, ""method"": ""Mean""}, ""1"": {}}}",0,1,200.0,4309.53429429527,4309.611905118802,0.0,153.75867256952003,0.5,200.0,4309.53429429527,4309.611905118802,0.0,0.5,153.75867256952003,1,2204.4983155544055
65,9df5e771ba6e48f9d9c0b827e38afd3c,SeasonalNaive,"{""method"": ""LastValue"", ""lag_1"": 7, ""lag_2"": 364}","{""fillna"": ""rolling_mean"", ""transformations"": {""0"": ""RollingMeanTransformer"", ""1"": ""DifferencedTransformer"", ""2"": ""Detrend"", ""3"": ""Slice""}, ""transformation_params"": {""0"": {""fixed"": true, ""window"": 3}, ""1"": {}, ""2"": {""model"": ""Linear""}, ""3"": {""method"": 100}}}",0,3,0.8491487662016176,34.820633746890856,36.80849850249848,0.6666666666666666,0.6739070561206483,0.8333333333333334,0.8491487662016176,34.820633746890856,36.80849850249848,0.6666666666666666,0.8333333333333334,0.6739070561206483,1,10.552653710425544
66,a041651687e29cbf1251a406203e5b1b,AverageValueNaive,"{""method"": ""Mean""}","{""fillna"": ""ffill"", ""transformations"": {""0"": ""RobustScaler"", ""1"": ""CumSumTransformer"", ""2"": ""StandardScaler"", ""3"": ""MaxAbsScaler"", ""4"": ""QuantileTransformer"", ""5"": ""MinMaxScaler""}, ""transformation_params"": {""0"": {}, ""1"": {}, ""2"": {}, ""3"": {}, ""4"": {""output_distribution"": ""uniform"", ""n_quantiles"": 1000}, ""5"": {}}}",0,1,193.78654974330894,131045.68014429494,222293.53167543188,0.3333333333333333,7443.007517662804,0.5,193.78654974330894,131045.68014429494,222293.53167543188,0.3333333333333333,0.5,7443.007517662804,1,20139.762398374827
67,a34e89fbe5d0c808519e16b0a80dd6c9,GLS,{},"{""fillna"": ""rolling_mean"", ""transformations"": {""0"": ""RollingMeanTransformer"", ""1"": ""QuantileTransformer"", ""2"": ""Detrend"", ""3"": ""Slice"", ""4"": ""MaxAbsScaler""}, ""transformation_params"": {""0"": {""fixed"": true, ""window"": 3}, ""1"": {""output_distribution"": ""uniform"", ""n_quantiles"": 1000}, ""2"": {""model"": ""Linear""}, ""3"": {""method"": 100}, ""4"": {}}}",0,1,0.7899467813828855,32.81222873263899,37.668594345838386,0.3333333333333333,1.8515801858083205,0.0,0.7899467813828855,32.81222873263899,37.668594345838386,0.3333333333333333,0.0,1.8515801858083205,1,11.029601592987905
68,a4c23d4841a1f5a82801ebc4b2466738,AverageValueNaive,"{""method"": ""Mean""}","{""fillna"": ""median"", ""transformations"": {""0"": ""QuantileTransformer"", ""1"": ""bkfilter"", ""2"": ""DifferencedTransformer""}, ""transformation_params"": {""0"": {""output_distribution"": ""normal"", ""n_quantiles"": 1000}, ""1"": {}, ""2"": {}}}",0,1,0.8173177067480143,33.94302147210601,40.211077694144414,0.0,1.4033178782696416,1.0,0.8173177067480143,33.94302147210601,40.211077694144414,0.0,1.0,1.4033178782696416,1,10.998961409064629
69,a4cd88da95881c071295b7cc7abb120d,SeasonalNaive,"{""method"": ""LastValue"", ""lag_1"": 28, ""lag_2"": ""None""}","{""fillna"": ""rolling_mean"", ""transformations"": {""0"": ""RollingMeanTransformer"", ""1"": ""DifferencedTransformer"", ""2"": ""Detrend""}, ""transformation_params"": {""0"": {""fixed"": true, ""window"": 3}, ""1"": {}, ""2"": {""model"": ""Linear""}}}",0,3,1.4317749980041026,58.261858244950965,63.38982087089021,0.1111111111111111,1.8560613247547826,0.3333333333333333,1.4317749980041026,58.261858244950965,63.38982087089021,0.1111111111111111,0.3333333333333333,1.8560613247547826,1,18.459438068693057
70,aae47b25bcba5912a041fd2eb924fdc2,ZeroesNaive,{},"{""fillna"": ""zero"", ""transformations"": {""0"": ""DifferencedTransformer"", ""1"": ""PowerTransformer"", ""2"": ""Slice""}, ""transformation_params"": {""0"": {}, ""1"": {}, ""2"": {""method"": 100}}}",0,3,0.5855031654456178,24.172208737527807,25.917018745725112,0.0,1.0432662614278287,0.8333333333333334,0.5855031654456178,24.172208737527807,25.917018745725112,0.0,0.8333333333333334,1.0432662614278287,1,7.811980873357214
71,ab7c0f1c6a270c1fad72cb489e9a05e3,LastValueNaive,{},"{""fillna"": ""ffill"", ""transformations"": {""0"": ""DifferencedTransformer"", ""1"": ""DifferencedTransformer"", ""2"": ""QuantileTransformer"", ""3"": ""Discretize""}, ""transformation_params"": {""0"": {}, ""1"": {}, ""2"": {""output_distribution"": ""uniform"", ""n_quantiles"": 1000}, ""3"": {""discretization"": ""upper"", ""n_bins"": 20}}}",0,1,191.10174403323364,4064.818724872393,4064.8815750899425,0.0,114.09345478602118,1.0,191.10174403323364,4064.818724872393,4064.8815750899425,0.0,1.0,114.09345478602118,1,2073.7966043953015
72,ad3c11ecfb773e7d4bfcdf3272ed88c6,AverageValueNaive,"{""method"": ""Mean""}","{""fillna"": ""ffill_mean_biased"", ""transformations"": {""0"": ""ClipOutliers""}, ""transformation_params"": {""0"": {""method"": ""clip"", ""std_threshold"": 3, ""fillna"": null}}}",0,1,157.76572694910598,3669.0904621504883,3669.181587609722,0.0,106.44691140729957,0.0,157.76572694910598,3669.0904621504883,3669.181587609722,0.0,0.0,106.44691140729957,1,1743.9093668784567
73,b14b1c0783fbba616e02aa255ee98e9a,SeasonalNaive,"{""method"": ""Mean"", ""lag_1"": 168, ""lag_2"": 364}","{""fillna"": ""rolling_mean"", ""transformations"": {""0"": ""PowerTransformer"", ""1"": ""DifferencedTransformer"", ""2"": ""Detrend""}, ""transformation_params"": {""0"": {}, ""1"": {}, ""2"": {""model"": ""Linear""}}}",0,1,0.7200691941261136,29.921517842071506,31.10304087583174,1.0,1.8853416049365657,0.5,0.7200691941261136,29.921517842071506,31.10304087583174,1.0,0.5,1.8853416049365657,1,10.121683799986467
74,b33027771082d24ebfaf9273ac3e3cbb,SeasonalNaive,"{""method"": ""Mean"", ""lag_1"": 4, ""lag_2"": 24}","{""fillna"": ""mean"", ""transformations"": {""0"": ""ClipOutliers"", ""1"": ""RobustScaler""}, ""transformation_params"": {""0"": {""method"": ""clip"", ""std_threshold"": 4, ""fillna"": null}, ""1"": {}}}",0,1,157.23040009590494,3662.1255295814567,3662.2277090384323,0.0,116.00140454880582,0.5,157.23040009590494,3662.1255295814567,3662.2277090384323,0.0,0.5,116.00140454880582,1,1747.1409992186882
75,b4225f84ef58ddfa2cdc30994e7f9d67,SeasonalNaive,"{""method"": ""Median"", ""lag_1"": 7, ""lag_2"": ""None""}","{""fillna"": ""ffill_mean_biased"", ""transformations"": {""0"": ""RollingMeanTransformer"", ""1"": ""RobustScaler"", ""2"": ""RobustScaler"", ""3"": ""DifferencedTransformer""}, ""transformation_params"": {""0"": {""fixed"": true, ""window"": 3}, ""1"": {}, ""2"": {}, ""3"": {}}}",0,1,0.789032753973435,32.774451997545235,37.612809498675645,1.0,0.9884415114568025,1.0,0.789032753973435,32.774451997545235,37.612809498675645,1.0,1.0,0.9884415114568025,1,10.25398699103698
76,b62593735c1bff2dbf81909d02431321,SeasonalNaive,"{""method"": ""Mean"", ""lag_1"": 60, ""lag_2"": 364}","{""fillna"": ""rolling_mean"", ""transformations"": {""0"": ""RollingMeanTransformer"", ""1"": ""DifferencedTransformer"", ""2"": ""Detrend"", ""3"": ""Slice""}, ""transformation_params"": {""0"": {""fixed"": true, ""window"": 3}, ""1"": {}, ""2"": {""model"": ""Linear""}, ""3"": {""method"": 100}}}",0,3,1.1261705545866432,45.995678397241996,48.65950071420235,0.4444444444444444,0.7385481587397985,0.6666666666666666,1.1261705545866432,45.995678397241996,48.65950071420235,0.4444444444444444,0.6666666666666666,0.7385481587397985,1,13.84637886629254
77,bab7bcb7022df4f6b6373d00b53f299d,SeasonalNaive,"{""method"": ""Median"", ""lag_1"": 24, ""lag_2"": ""None""}","{""fillna"": ""ffill_mean_biased"", ""transformations"": {""0"": ""ClipOutliers"", ""1"": ""PowerTransformer"", ""2"": ""Detrend""}, ""transformation_params"": {""0"": {""method"": ""clip"", ""std_threshold"": 3, ""fillna"": null}, ""1"": {}, ""2"": {""model"": ""Linear""}}}",0,1,38.654107803846294,1347.6536165189405,1348.1579752325265,1.0,26.012613027210918,0.5,38.654107803846294,1347.6536165189405,1348.1579752325265,1.0,0.5,26.012613027210918,1,457.32085369337517
78,bbb5a7f94d6a591a9d572fa1fe79c954,SeasonalNaive,"{""method"": ""Mean"", ""lag_1"": 364, ""lag_2"": 1}","{""fillna"": ""mean"", ""transformations"": {""0"": ""bkfilter"", ""1"": ""Discretize"", ""2"": ""DifferencedTransformer"", ""3"": ""StandardScaler"", ""4"": ""QuantileTransformer""}, ""transformation_params"": {""0"": {}, ""1"": {""discretization"": ""upper"", ""n_bins"": 10}, ""2"": {}, ""3"": {}, ""4"": {""output_distribution"": ""uniform"", ""n_quantiles"": 1000}}}",0,1,39.68175911945776,1377.5861240998686,1377.8288111093548,0.0,59.40019336402126,0.0,39.68175911945776,1377.5861240998686,1377.8288111093548,0.0,0.0,59.40019336402126,1,498.02842111969454
79,bbcb68287bfa2b124ada313380f8257a,LastValueNaive,{},"{""fillna"": ""ffill_mean_biased"", ""transformations"": {""0"": ""CumSumTransformer"", ""1"": ""PowerTransformer"", ""2"": ""Detrend""}, ""transformation_params"": {""0"": {}, ""1"": {}, ""2"": {""model"": ""Linear""}}}",0,1,119.33216437776964,4069613.119607393,7046043.293177953,0.0,146713.80584519502,0.5,119.33216437776964,4069613.119607393,7046043.293177953,0.0,0.5,146713.80584519502,1,502944.60227106354
80,c04fba80a34a9702b61701c41f0d2e3e,ZeroesNaive,{},"{""fillna"": ""rolling_mean_24"", ""transformations"": {""0"": ""DifferencedTransformer"", ""1"": ""RobustScaler"", ""2"": ""Slice"", ""3"": ""PositiveShift"", ""4"": ""StandardScaler""}, ""transformation_params"": {""0"": {}, ""1"": {}, ""2"": {""method"": 100}, ""3"": {}, ""4"": {}}}",0,3,0.44792561337331543,18.503889973958497,18.739329899183613,0.0,0.7986244020799281,0.8333333333333334,0.44792561337331543,18.503889973958497,18.739329899183613,0.0,0.8333333333333334,0.7986244020799281,1,5.941004631840426
81,c4648614d5778c14cfdd4b22302a73af,SeasonalNaive,"{""method"": ""Mean"", ""lag_1"": 7, ""lag_2"": ""None""}","{""fillna"": ""median"", ""transformations"": {""0"": ""ClipOutliers"", ""1"": ""PowerTransformer"", ""2"": ""Detrend"", ""3"": ""ClipOutliers"", ""4"": ""Discretize""}, ""transformation_params"": {""0"": {""method"": ""clip"", ""std_threshold"": 4, ""fillna"": null}, ""1"": {}, ""2"": {""model"": ""Linear""}, ""3"": {""method"": ""clip"", ""std_threshold"": 2, ""fillna"": null}, ""4"": {""discretization"": ""center"", ""n_bins"": 20}}}",0,1,36.46481824550726,1283.1238571591857,1283.5083258283166,1.0,19.113425048069313,0.5,36.46481824550726,1283.1238571591857,1283.5083258283166,1.0,0.5,19.113425048069313,1,427.4024639089133
82,c548fd364375b8218fc7187a3154e4c4,SeasonalNaive,"{""method"": ""LastValue"", ""lag_1"": 2, ""lag_2"": 364}","{""fillna"": ""ffill_mean_biased"", ""transformations"": {""0"": ""DifferencedTransformer"", ""1"": ""RobustScaler"", ""2"": ""RobustScaler"", ""3"": ""DifferencedTransformer"", ""4"": ""RollingMeanTransformer""}, ""transformation_params"": {""0"": {}, ""1"": {}, ""2"": {}, ""3"": {}, ""4"": {""fixed"": true, ""window"": 7}}}",0,1,185.7554750325825,4003.112026266732,4004.03651786025,0.0,169.5143675331969,1.0,185.7554750325825,4003.112026266732,4004.03651786025,0.0,1.0,169.5143675331969,1,2071.2011278383943
83,c5c435011f673075c733b8a06d7a19ab,ZeroesNaive,{},"{""fillna"": ""rolling_mean"", ""transformations"": {""0"": ""DifferencedTransformer"", ""1"": ""DifferencedTransformer"", ""2"": ""bkfilter"", ""3"": ""QuantileTransformer""}, ""transformation_params"": {""0"": {}, ""1"": {}, ""2"": {}, ""3"": {""output_distribution"": ""normal"", ""n_quantiles"": 1000}}}",0,1,196.12938064152834,4119.441246743065,4119.470567297048,0.0,177.62635840147553,1.0,196.12938064152834,4119.441246743065,4119.470567297048,0.0,1.0,177.62635840147553,1,2178.4490397052223
84,c7d6966b5412444e8a758be0b340d119,ZeroesNaive,{},"{""fillna"": ""rolling_mean"", ""transformations"": {""0"": ""PowerTransformer"", ""1"": ""QuantileTransformer"", ""2"": ""Detrend"", ""3"": ""Slice""}, ""transformation_params"": {""0"": {}, ""1"": {""output_distribution"": ""uniform"", ""n_quantiles"": 1000}, ""2"": {""model"": ""Linear""}, ""3"": {""method"": 100}}}",0,1,28.364685007994435,1033.523102665399,1033.826357424986,0.0,44.56452563691567,1.0,28.364685007994435,1033.523102665399,1033.826357424986,0.0,1.0,44.56452563691567,1,361.135114451224
85,c7d9c03955bf8abda2dd3918cd38ba94,LastValueNaive,{},"{""fillna"": ""rolling_mean"", ""transformations"": {""0"": ""bkfilter"", ""1"": ""PowerTransformer""}, ""transformation_params"": {""0"": {}, ""1"": {}}}",0,1,0.8264852655030622,34.3215613843704,41.078835567522525,1.0,274.27310176788427,0.0,0.8264852655030622,34.3215613843704,41.078835567522525,1.0,0.0,274.27310176788427,1,252.76131225971793
86,c9f08998649dcbffef2196459472ba5a,AverageValueNaive,"{""method"": ""Mean""}","{""fillna"": ""median"", ""transformations"": {""0"": ""RollingMeanTransformer"", ""1"": ""QuantileTransformer"", ""2"": ""MinMaxScaler""}, ""transformation_params"": {""0"": {""fixed"": true, ""window"": 3}, ""1"": {""output_distribution"": ""uniform"", ""n_quantiles"": 1000}, ""2"": {}}}",0,1,190.63675708141616,4060.471018463932,4060.5533607128036,0.0,123.86212191009511,0.0,190.63675708141616,4060.471018463932,4060.5533607128036,0.0,0.0,123.86212191009511,1,2078.01948522572
87,ca2be831795a82990ad2f7b86845fd50,LastValueNaive,{},"{""fillna"": ""mean"", ""transformations"": {""0"": ""PositiveShift"", ""1"": ""bkfilter""}, ""transformation_params"": {""0"": {}, ""1"": {}}}",0,1,0.8264852655030479,34.321561384369794,41.07883556752111,1.0,4.912632011450121,0.0,0.8264852655030479,34.321561384369794,41.07883556752111,1.0,0.0,4.912632011450121,1,14.229850514629774
88,ca7735bd5b195bb80b5dfc8548187313,GLS,{},"{""fillna"": ""zero"", ""transformations"": {""0"": ""RollingMeanTransformer"", ""1"": ""DifferencedTransformer"", ""2"": ""Detrend"", ""3"": ""SeasonalDifference"", ""4"": ""DifferencedTransformer""}, ""transformation_params"": {""0"": {""fixed"": true, ""window"": 3}, ""1"": {}, ""2"": {""model"": ""Linear""}, ""3"": {""lag_1"": 12, ""method"": ""Mean""}, ""4"": {}}}",0,1,195.18616691156558,4109.38379811498,4109.405375418852,0.0,155.51873980426464,1.0,195.18616691156558,4109.38379811498,4109.405375418852,0.0,1.0,155.51873980426464,1,2149.805535321726
89,cbc7142a47f99d60e3d16c8255614967,AverageValueNaive,"{""method"": ""Mean""}","{""fillna"": ""rolling_mean"", ""transformations"": {""0"": ""RollingMeanTransformer"", ""1"": ""QuantileTransformer"", ""2"": ""DifferencedTransformer""}, ""transformation_params"": {""0"": {""fixed"": true, ""window"": 3}, ""1"": {""output_distribution"": ""uniform"", ""n_quantiles"": 1000}, ""2"": {}}}",0,1,0.7899467813828855,32.81222873263899,37.668594345838386,0.3333333333333333,3.3980550106669662,0.0,0.7899467813828855,32.81222873263899,37.668594345838386,0.3333333333333333,0.0,3.3980550106669662,1,12.399078342338207
90,d099a26b5dbbe5a9709a33a59fdcbee4,AverageValueNaive,"{""method"": ""Mean""}","{""fillna"": ""ffill"", ""transformations"": {""0"": ""ClipOutliers"", ""1"": ""PowerTransformer"", ""2"": ""QuantileTransformer"", ""3"": ""QuantileTransformer"", ""4"": ""ClipOutliers""}, ""transformation_params"": {""0"": {""method"": ""clip"", ""std_threshold"": 2, ""fillna"": null}, ""1"": {}, ""2"": {""output_distribution"": ""uniform"", ""n_quantiles"": 20}, ""3"": {""output_distribution"": ""uniform"", ""n_quantiles"": 100}, ""4"": {""method"": ""clip"", ""std_threshold"": 2, ""fillna"": null}}}",0,1,190.61804377022034,4060.2669472957546,4060.3492936831067,0.0,122.41902963711742,0.0,190.61804377022034,4060.2669472957546,4060.3492936831067,0.0,0.0,122.41902963711742,1,2076.561387803725
91,d4789bc40c4bff3bddcc67002b09f11c,AverageValueNaive,"{""method"": ""Mean""}","{""fillna"": ""ffill_mean_biased"", ""transformations"": {""0"": ""RollingMeanTransformer"", ""1"": ""QuantileTransformer"", ""2"": ""Detrend"", ""3"": ""PositiveShift"", ""4"": ""QuantileTransformer"", ""5"": ""StandardScaler""}, ""transformation_params"": {""0"": {""fixed"": true, ""window"": 3}, ""1"": {""output_distribution"": ""uniform"", ""n_quantiles"": 1000}, ""2"": {""model"": ""Linear""}, ""3"": {}, ""4"": {""output_distribution"": ""uniform"", ""n_quantiles"": 1000}, ""5"": {}}}",0,1,44.4556595493309,1513.1683986425712,1513.3831483755216,0.3333333333333333,13.13429087759734,1.0,44.4556595493309,1513.1683986425712,1513.3831483755216,0.3333333333333333,1.0,13.13429087759734,1,508.6209882801646
92,d73b14c5ef389b58eff0174f87215c9e,AverageValueNaive,"{""method"": ""Median""}","{""fillna"": ""rolling_mean"", ""transformations"": {""0"": ""DifferencedTransformer"", ""1"": ""RollingMeanTransformer"", ""2"": ""DifferencedTransformer"", ""3"": ""ClipOutliers""}, ""transformation_params"": {""0"": {}, ""1"": {""fixed"": true, ""window"": 12}, ""2"": {}, ""3"": {""method"": ""clip"", ""std_threshold"": 4, ""fillna"": null}}}",0,1,196.03373214153655,4118.423448951157,4118.451807263928,0.0,177.52074413698045,1.0,196.03373214153655,4118.423448951157,4118.451807263928,0.0,1.0,177.52074413698045,1,2177.436275719714
93,d7b8d503a99fae50f2409f873d1672cc,AverageValueNaive,"{""method"": ""Mean""}","{""fillna"": ""ffill"", ""transformations"": {""0"": ""ClipOutliers"", ""1"": ""PowerTransformer""}, ""transformation_params"": {""0"": {""method"": ""clip"", ""std_threshold"": 1, ""fillna"": null}, ""1"": {}}}",0,1,188.90471966230902,4041.499703306161,4041.5824320721586,0.0,120.50300508402684,0.0,188.90471966230902,4041.499703306161,4041.5824320721586,0.0,0.0,120.50300508402684,1,2058.3632781441174
94,d9a6d8be1fe98b6b585a2490d287327b,LastValueNaive,{},"{""fillna"": ""rolling_mean_24"", ""transformations"": {""0"": ""ClipOutliers"", ""1"": ""Detrend"", ""2"": ""Detrend"", ""3"": ""Round"", ""4"": ""Discretize""}, ""transformation_params"": {""0"": {""method"": ""clip"", ""std_threshold"": 1, ""fillna"": null}, ""1"": {""model"": ""Linear""}, ""2"": {""model"": ""Linear""}, ""3"": {""model"": ""middle"", ""decimals"": 0, ""on_transform"": true, ""on_inverse"": false}, ""4"": {""discretization"": ""upper"", ""n_bins"": 20}}}",0,1,106.42270988021228,2889.758095400413,2889.873494609947,0.0,115.51927978955275,1.0,106.42270988021228,2889.758095400413,2889.873494609947,0.0,1.0,115.51927978955275,1,1242.9002299718647
95,d9f1825d69f895f7443515c5c9467136,SeasonalNaive,"{""method"": ""LastValue"", ""lag_1"": 60, ""lag_2"": 364}","{""fillna"": ""rolling_mean"", ""transformations"": {""0"": ""PowerTransformer"", ""1"": ""DifferencedTransformer"", ""2"": ""PowerTransformer""}, ""transformation_params"": {""0"": {}, ""1"": {}, ""2"": {}}}",0,3,0.5261364830101475,21.66773482397568,24.842537469294456,1.0,1.8658237223765326,0.6666666666666666,0.5261364830101475,21.66773482397568,24.842537469294456,1.0,0.6666666666666666,1.8658237223765326,1,7.891857367240554
96,e06673aab8dc27bbd5be78b85120d8d2,SeasonalNaive,"{""method"": ""Median"", ""lag_1"": 60, ""lag_2"": 1}","{""fillna"": ""ffill"", ""transformations"": {""0"": ""ClipOutliers"", ""1"": ""DifferencedTransformer"", ""2"": ""Detrend"", ""3"": ""RobustScaler"", ""4"": ""Discretize""}, ""transformation_params"": {""0"": {""method"": ""clip"", ""std_threshold"": 2, ""fillna"": null}, ""1"": {}, ""2"": {""model"": ""Linear""}, ""3"": {}, ""4"": {""discretization"": ""center"", ""n_bins"": 20}}}",0,1,69.31129203944204,2141.423378099187,2141.578358382039,0.0,91.64782591062166,1.0,69.31129203944204,2141.423378099187,2141.578358382039,0.0,1.0,91.64782591062166,1,841.4103238945892
97,e397adad176810c80c5cfefbb10f594c,SeasonalNaive,"{""method"": ""LastValue"", ""lag_1"": 2, ""lag_2"": ""None""}","{""fillna"": ""rolling_mean_24"", ""transformations"": {""0"": ""SinTrend"", ""1"": ""Round"", ""2"": ""PowerTransformer"", ""3"": ""Slice""}, ""transformation_params"": {""0"": {}, ""1"": {""model"": ""middle"", ""decimals"": 2, ""on_transform"": false, ""on_inverse"": true}, ""2"": {}, ""3"": {""method"": 100}}}",0,1,0.7121378319056896,29.593269957900095,36.63374289993944,1.0,1.7264576788043215,0.5,0.7121378319056896,29.593269957900095,36.63374289993944,1.0,0.5,1.7264576788043215,1,10.083366497918568
98,e598f786edfe69fde4c3282a1b4173a7,GLS,{},"{""fillna"": ""rolling_mean"", ""transformations"": {""0"": ""RollingMeanTransformer"", ""1"": ""SeasonalDifference"", ""2"": ""MaxAbsScaler"", ""3"": ""QuantileTransformer""}, ""transformation_params"": {""0"": {""fixed"": true, ""window"": 3}, ""1"": {""lag_1"": 7, ""method"": ""Median""}, ""2"": {}, ""3"": {""output_distribution"": ""uniform"", ""n_quantiles"": 1000}}}",0,1,166.4725044823957,3779.5937267877794,3779.68188921339,0.3333333333333333,19.05204378056094,1.0,166.4725044823957,3779.5937267877794,3779.68188921339,0.3333333333333333,1.0,19.05204378056094,1,1751.3885938428473
99,e94af249fd6dd3fb1ab66b25cf7bd9c8,ZeroesNaive,{},"{""fillna"": ""fake_date"", ""transformations"": {""0"": ""ClipOutliers"", ""1"": ""MinMaxScaler"", ""2"": ""Detrend""}, ""transformation_params"": {""0"": {""method"": ""clip"", ""std_threshold"": 2, ""fillna"": null}, ""1"": {}, ""2"": {""model"": ""Linear""}}}",0,1,100.41497013362464,2781.1576777145624,2781.2774875666496,0.0,119.92085354374619,1.0,100.41497013362464,2781.1576777145624,2781.2774875666496,0.0,1.0,119.92085354374619,1,1186.0665022684818
100,eb23e60dff54f3af15988d214056db61,GLS,{},"{""fillna"": ""rolling_mean"", ""transformations"": {""0"": ""ClipOutliers"", ""1"": ""DifferencedTransformer""}, ""transformation_params"": {""0"": {""method"": ""clip"", ""std_threshold"": 2, ""fillna"": null}, ""1"": {}}}",0,1,69.32025324560611,2141.628882043046,2141.783360932426,0.0,91.56101529483144,1.0,69.32025324560611,2141.628882043046,2141.783360932426,0.0,1.0,91.56101529483144,1,841.4269384885617
101,ed8d668134f53646914b498ea77c8cc0,AverageValueNaive,"{""method"": ""Mean""}","{""fillna"": ""rolling_mean_24"", ""transformations"": {""0"": ""CumSumTransformer"", ""1"": ""PowerTransformer""}, ""transformation_params"": {""0"": {}, ""1"": {}}}",0,1,198.87393322118655,162830.6901473749,277227.74163823586,0.0,9722.63773196598,0.0,198.87393322118655,162830.6901473749,277227.74163823586,0.0,0.0,9722.63773196598,1,25105.629269457626
102,ef5be4eaea9728517f6ccf1fb746b6e3,AverageValueNaive,"{""method"": ""Mean""}","{""fillna"": ""rolling_mean"", ""transformations"": {""0"": ""ClipOutliers""}, ""transformation_params"": {""0"": {""method"": ""clip"", ""std_threshold"": 1, ""fillna"": null}}}",0,1,165.77260569396728,3770.90552921639,3770.994194331948,0.0,117.95897698530892,0.0,165.77260569396728,3770.90552921639,3770.994194331948,0.0,0.0,117.95897698530892,1,1832.1659931075305
103,ef98dbd02344b1522f998e74a9868235,LastValueNaive,{},"{""fillna"": ""rolling_mean_24"", ""transformations"": {""0"": ""PositiveShift"", ""1"": ""bkfilter""}, ""transformation_params"": {""0"": {}, ""1"": {}}}",0,1,0.8264852655030479,34.321561384369794,41.07883556752111,1.0,4.979580508665882,0.0,0.8264852655030479,34.321561384369794,41.07883556752111,1.0,0.0,4.979580508665882,1,14.28913658179825
104,f1459c0c3d3e2e20212cec0f1008a208,LastValueNaive,{},"{""fillna"": ""fake_date"", ""transformations"": {""0"": ""ClipOutliers""}, ""transformation_params"": {""0"": {""method"": ""clip"", ""std_threshold"": 3.5, ""fillna"": null}}}",0,1,27.39928205376368,1002.5883920406635,1002.9218251016391,1.0,4.983733371095082,0.0,27.39928205376368,1002.5883920406635,1002.9218251016391,1.0,0.0,4.983733371095082,1,315.4220513413271
105,f22b10ab5981a4a5ff4f67ba93a72ba8,ZeroesNaive,{},"{""fillna"": ""rolling_mean"", ""transformations"": {""0"": ""DifferencedTransformer"", ""1"": ""SeasonalDifference"", ""2"": ""bkfilter"", ""3"": ""QuantileTransformer""}, ""transformation_params"": {""0"": {}, ""1"": {""lag_1"": 12, ""method"": ""Mean""}, ""2"": {}, ""3"": {""output_distribution"": ""uniform"", ""n_quantiles"": 1000}}}",0,1,16.56213512790504,628.4530013961179,685.5177592331688,0.0,27.098291097785946,0.0,16.56213512790504,628.4530013961179,685.5177592331688,0.0,0.0,27.098291097785946,1,215.38864564971792
106,fc174c4a3ec339ad927bf9cb01ea67ce,ZeroesNaive,{},"{""fillna"": ""rolling_mean_24"", ""transformations"": {""0"": ""DifferencedTransformer"", ""1"": ""PowerTransformer"", ""2"": ""PositiveShift"", ""3"": ""StandardScaler""}, ""transformation_params"": {""0"": {}, ""1"": {}, ""2"": {}, ""3"": {}}}",0,3,0.5859156816120455,24.189146744571797,25.93708738453174,0.0,1.0439975247179245,0.8333333333333334,0.5859156816120455,24.189146744571797,25.93708738453174,0.0,0.8333333333333334,1.0439975247179245,1,7.817538527331984
107,fed97b9effe0e05625a23d20354683d8,LastValueNaive,{},"{""fillna"": ""mean"", ""transformations"": {""0"": ""Discretize"", ""1"": ""Discretize"", ""2"": ""DifferencedTransformer"", ""3"": ""QuantileTransformer"", ""4"": ""Round""}, ""transformation_params"": {""0"": {""discretization"": ""lower"", ""n_bins"": 5}, ""1"": {""discretization"": ""upper"", ""n_bins"": 20}, ""2"": {}, ""3"": {""output_distribution"": ""uniform"", ""n_quantiles"": 1000}, ""4"": {""model"": ""middle"", ""decimals"": 0, ""on_transform"": true, ""on_inverse"": true}}}",0,1,191.88858148022783,5654.7440535117275,5841.00799670514,0.0,243.8271439632295,0.0,191.88858148022783,5654.7440535117275,5841.00799670514,0.0,0.0,243.8271439632295,1,2308.5028718860235
108,ff3db92bbf2d5009b4e37da67bcc1553,LastValueNaive,{},"{""fillna"": ""rolling_mean"", ""transformations"": {""0"": ""DifferencedTransformer"", ""1"": ""PowerTransformer""}, ""transformation_params"": {""0"": {}, ""1"": {}}}",0,3,2.138575426182334,90.31486906828668,98.5170199687671,0.4444444444444444,3.777770596684784,0.8333333333333334,2.138575426182334,90.31486906828668,98.5170199687671,0.4444444444444444,0.8333333333333334,3.777770596684784,1,28.701202554169665
109,ffe3a6868382750679883877964f9d5f,ZeroesNaive,{},"{""fillna"": ""rolling_mean"", ""transformations"": {""0"": ""PowerTransformer"", ""1"": ""QuantileTransformer"", ""2"": ""SeasonalDifference""}, ""transformation_params"": {""0"": {}, ""1"": {""output_distribution"": ""uniform"", ""n_quantiles"": 1000}, ""2"": {""lag_1"": 7, ""method"": ""LastValue""}}}",0,1,2.0112319695437537,82.91682942707985,86.84948283062174,0.0,3.575294215683498,0.5,2.0112319695437537,82.91682942707985,86.84948283062174,0.0,0.5,3.575294215683498,1,26.750771130085592
